{
    "accuracy": 0.9813278008298755,
    "precision": 0.9821262483556688,
    "recall": 0.9813278008298755,
    "f1_score": 0.9814388800232101
}