{
    "accuracy": 0.9945701357466064,
    "precision": 0.9945812269645999,
    "recall": 0.9945701357466064,
    "f1_score": 0.9945686726383117
}